User ID,Name,Phone,Date,Amount,Gender,Description,Address,Score,Email,EmptyCol
1, 张三,13800138000,2025/01/01,$100,男,<p>Good</p>,广东省 广州市,55,,
2,李 四 ,13912345678,2025-01-02,¥200.5,女,"Nice
Item",北京 北京市,65,user1@example.com,
3,王五,123,01-03-2025,300,M,Bad,上海 上海市,75,user2@example.com,
4,Zhao Liu,abc,2025.01.04,-50,F,OK,浙江省 杭州市,40,user3@example.com,
5,Mike ,13800138000,Invalid,0,Male,<h1>Title</h1>,江苏省 南京市,90,user4@example.com,
6,Sarah,,20250106,"1,000",Female,"Line1
Line2",四川省 成都市,85,,
7,Unknown,15900001111,2025-01-07,$50.00,未知,Normal,Unknown,30,user6@example.com,
8,User8,999,2025/1/8,N/A,男,<b>Bold</b>,海外,95,user7@example.com,
9, Test ,138 0000 0000,"Jan 9, 2025",Unknown,女,Test,广东省 深圳市,60,user8@example.com,
10,Alice,13800138000,2025-01-10,500,M,End,湖北省 武汉市,50,user9@example.com,
11, 张三,13800138000,2025/01/01,$100,男,<p>Good</p>,广东省 广州市,55,,
12,李 四 ,13912345678,2025-01-02,¥200.5,女,"Nice
Item",北京 北京市,65,user11@example.com,
13,王五,123,01-03-2025,300,M,Bad,上海 上海市,75,user12@example.com,
14,Zhao Liu,abc,2025.01.04,-50,F,OK,浙江省 杭州市,40,user13@example.com,
15,Mike ,13800138000,Invalid,0,Male,<h1>Title</h1>,江苏省 南京市,90,user14@example.com,
16,Sarah,,20250106,"1,000",Female,"Line1
Line2",四川省 成都市,85,,
17,Unknown,15900001111,2025-01-07,$50.00,未知,Normal,Unknown,30,user16@example.com,
18,User8,999,2025/1/8,N/A,男,<b>Bold</b>,海外,95,user17@example.com,
19, Test ,138 0000 0000,"Jan 9, 2025",Unknown,女,Test,广东省 深圳市,60,user18@example.com,
20,Alice,13800138000,2025-01-10,500,M,End,湖北省 武汉市,50,user19@example.com,
21, 张三,13800138000,2025/01/01,$100,男,<p>Good</p>,广东省 广州市,55,,
22,李 四 ,13912345678,2025-01-02,¥200.5,女,"Nice
Item",北京 北京市,65,user21@example.com,
23,王五,123,01-03-2025,300,M,Bad,上海 上海市,75,user22@example.com,
24,Zhao Liu,abc,2025.01.04,-50,F,OK,浙江省 杭州市,40,user23@example.com,
25,Mike ,13800138000,Invalid,0,Male,<h1>Title</h1>,江苏省 南京市,90,user24@example.com,
26,Sarah,,20250106,"1,000",Female,"Line1
Line2",四川省 成都市,85,,
27,Unknown,15900001111,2025-01-07,$50.00,未知,Normal,Unknown,30,user26@example.com,
28,User8,999,2025/1/8,N/A,男,<b>Bold</b>,海外,95,user27@example.com,
29, Test ,138 0000 0000,"Jan 9, 2025",Unknown,女,Test,广东省 深圳市,60,user28@example.com,
30,Alice,13800138000,2025-01-10,500,M,End,湖北省 武汉市,50,user29@example.com,
31, 张三,13800138000,2025/01/01,$100,男,<p>Good</p>,广东省 广州市,55,,
32,李 四 ,13912345678,2025-01-02,¥200.5,女,"Nice
Item",北京 北京市,65,user31@example.com,
33,王五,123,01-03-2025,300,M,Bad,上海 上海市,75,user32@example.com,
34,Zhao Liu,abc,2025.01.04,-50,F,OK,浙江省 杭州市,40,user33@example.com,
35,Mike ,13800138000,Invalid,0,Male,<h1>Title</h1>,江苏省 南京市,90,user34@example.com,
36,Sarah,,20250106,"1,000",Female,"Line1
Line2",四川省 成都市,85,,
37,Unknown,15900001111,2025-01-07,$50.00,未知,Normal,Unknown,30,user36@example.com,
38,User8,999,2025/1/8,N/A,男,<b>Bold</b>,海外,95,user37@example.com,
39, Test ,138 0000 0000,"Jan 9, 2025",Unknown,女,Test,广东省 深圳市,60,user38@example.com,
40,Alice,13800138000,2025-01-10,500,M,End,湖北省 武汉市,50,user39@example.com,
41, 张三,13800138000,2025/01/01,$100,男,<p>Good</p>,广东省 广州市,55,,
42,李 四 ,13912345678,2025-01-02,¥200.5,女,"Nice
Item",北京 北京市,65,user41@example.com,
43,王五,123,01-03-2025,300,M,Bad,上海 上海市,75,user42@example.com,
44,Zhao Liu,abc,2025.01.04,-50,F,OK,浙江省 杭州市,40,user43@example.com,
45,Mike ,13800138000,Invalid,0,Male,<h1>Title</h1>,江苏省 南京市,90,user44@example.com,
46,Sarah,,20250106,"1,000",Female,"Line1
Line2",四川省 成都市,85,,
47,Unknown,15900001111,2025-01-07,$50.00,未知,Normal,Unknown,30,user46@example.com,
48,User8,999,2025/1/8,N/A,男,<b>Bold</b>,海外,95,user47@example.com,
49, Test ,138 0000 0000,"Jan 9, 2025",Unknown,女,Test,广东省 深圳市,60,user48@example.com,
50,Alice,13800138000,2025-01-10,500,M,End,湖北省 武汉市,50,user49@example.com,
51, 张三,13800138000,2025/01/01,$100,男,<p>Good</p>,广东省 广州市,55,,
52,李 四 ,13912345678,2025-01-02,¥200.5,女,"Nice
Item",北京 北京市,65,user51@example.com,
53,王五,123,01-03-2025,300,M,Bad,上海 上海市,75,user52@example.com,
54,Zhao Liu,abc,2025.01.04,-50,F,OK,浙江省 杭州市,40,user53@example.com,
55,Mike ,13800138000,Invalid,0,Male,<h1>Title</h1>,江苏省 南京市,90,user54@example.com,
56,Sarah,,20250106,"1,000",Female,"Line1
Line2",四川省 成都市,85,,
57,Unknown,15900001111,2025-01-07,$50.00,未知,Normal,Unknown,30,user56@example.com,
58,User8,999,2025/1/8,N/A,男,<b>Bold</b>,海外,95,user57@example.com,
59, Test ,138 0000 0000,"Jan 9, 2025",Unknown,女,Test,广东省 深圳市,60,user58@example.com,
60,Alice,13800138000,2025-01-10,500,M,End,湖北省 武汉市,50,user59@example.com,
61, 张三,13800138000,2025/01/01,$100,男,<p>Good</p>,广东省 广州市,55,,
62,李 四 ,13912345678,2025-01-02,¥200.5,女,"Nice
Item",北京 北京市,65,user61@example.com,
63,王五,123,01-03-2025,300,M,Bad,上海 上海市,75,user62@example.com,
64,Zhao Liu,abc,2025.01.04,-50,F,OK,浙江省 杭州市,40,user63@example.com,
65,Mike ,13800138000,Invalid,0,Male,<h1>Title</h1>,江苏省 南京市,90,user64@example.com,
66,Sarah,,20250106,"1,000",Female,"Line1
Line2",四川省 成都市,85,,
67,Unknown,15900001111,2025-01-07,$50.00,未知,Normal,Unknown,30,user66@example.com,
68,User8,999,2025/1/8,N/A,男,<b>Bold</b>,海外,95,user67@example.com,
69, Test ,138 0000 0000,"Jan 9, 2025",Unknown,女,Test,广东省 深圳市,60,user68@example.com,
70,Alice,13800138000,2025-01-10,500,M,End,湖北省 武汉市,50,user69@example.com,
71, 张三,13800138000,2025/01/01,$100,男,<p>Good</p>,广东省 广州市,55,,
72,李 四 ,13912345678,2025-01-02,¥200.5,女,"Nice
Item",北京 北京市,65,user71@example.com,
73,王五,123,01-03-2025,300,M,Bad,上海 上海市,75,user72@example.com,
74,Zhao Liu,abc,2025.01.04,-50,F,OK,浙江省 杭州市,40,user73@example.com,
75,Mike ,13800138000,Invalid,0,Male,<h1>Title</h1>,江苏省 南京市,90,user74@example.com,
76,Sarah,,20250106,"1,000",Female,"Line1
Line2",四川省 成都市,85,,
77,Unknown,15900001111,2025-01-07,$50.00,未知,Normal,Unknown,30,user76@example.com,
78,User8,999,2025/1/8,N/A,男,<b>Bold</b>,海外,95,user77@example.com,
79, Test ,138 0000 0000,"Jan 9, 2025",Unknown,女,Test,广东省 深圳市,60,user78@example.com,
80,Alice,13800138000,2025-01-10,500,M,End,湖北省 武汉市,50,user79@example.com,
81, 张三,13800138000,2025/01/01,$100,男,<p>Good</p>,广东省 广州市,55,,
82,李 四 ,13912345678,2025-01-02,¥200.5,女,"Nice
Item",北京 北京市,65,user81@example.com,
83,王五,123,01-03-2025,300,M,Bad,上海 上海市,75,user82@example.com,
84,Zhao Liu,abc,2025.01.04,-50,F,OK,浙江省 杭州市,40,user83@example.com,
85,Mike ,13800138000,Invalid,0,Male,<h1>Title</h1>,江苏省 南京市,90,user84@example.com,
86,Sarah,,20250106,"1,000",Female,"Line1
Line2",四川省 成都市,85,,
87,Unknown,15900001111,2025-01-07,$50.00,未知,Normal,Unknown,30,user86@example.com,
88,User8,999,2025/1/8,N/A,男,<b>Bold</b>,海外,95,user87@example.com,
89, Test ,138 0000 0000,"Jan 9, 2025",Unknown,女,Test,广东省 深圳市,60,user88@example.com,
90,Alice,13800138000,2025-01-10,500,M,End,湖北省 武汉市,50,user89@example.com,
91, 张三,13800138000,2025/01/01,$100,男,<p>Good</p>,广东省 广州市,55,,
92,李 四 ,13912345678,2025-01-02,¥200.5,女,"Nice
Item",北京 北京市,65,user91@example.com,
93,王五,123,01-03-2025,300,M,Bad,上海 上海市,75,user92@example.com,
94,Zhao Liu,abc,2025.01.04,-50,F,OK,浙江省 杭州市,40,user93@example.com,
95,Mike ,13800138000,Invalid,0,Male,<h1>Title</h1>,江苏省 南京市,90,user94@example.com,
96,Sarah,,20250106,"1,000",Female,"Line1
Line2",四川省 成都市,85,,
97,Unknown,15900001111,2025-01-07,$50.00,未知,Normal,Unknown,30,user96@example.com,
98,User8,999,2025/1/8,N/A,男,<b>Bold</b>,海外,95,user97@example.com,
99, Test ,138 0000 0000,"Jan 9, 2025",Unknown,女,Test,广东省 深圳市,60,user98@example.com,
100,Alice,13800138000,2025-01-10,500,M,End,湖北省 武汉市,50,user99@example.com,
1, 张三,13800138000,2025/01/01,$100,男,<p>Good</p>,广东省 广州市,55,,
2,李 四 ,13912345678,2025-01-02,¥200.5,女,"Nice
Item",北京 北京市,65,user1@example.com,
3,王五,123,01-03-2025,300,M,Bad,上海 上海市,75,user2@example.com,
4,Zhao Liu,abc,2025.01.04,-50,F,OK,浙江省 杭州市,40,user3@example.com,
5,Mike ,13800138000,Invalid,0,Male,<h1>Title</h1>,江苏省 南京市,90,user4@example.com,
